{
  "井1": {
    "success": true,
    "error_msg": null,
    "model_type": "TRANSFORMER",
    "well_index": 2,
    "train_metrics": {
      "mse": 0.027851466089487076,
      "mae": 0.10223151743412018,
      "rmse": 0.16688758518681693,
      "mape": 0.7162298541516066
    },
    "test_metrics": {
      "mse": 0.009864258579909801,
      "mae": 0.07319072633981705,
      "rmse": 0.09931897391691984,
      "mape": 0.49213189631700516
    },
    "data_info": {
      "total_length": 631,
      "valid_count": 631,
      "train_size": 422,
      "test_size": 182,
      "window_size": 24,
      "pred_len": 4
    },
    "training_info": {
      "epochs": 100,
      "batch_size": 16,
      "learning_rate": 0.001,
      "alpha": 0.5,
      "best_rmse": 0.11874076703844144
    },
    "model_path": "results/multi_wells_transformer/transformer_井1.pt"
  },
  "井2": {
    "success": true,
    "error_msg": null,
    "model_type": "TRANSFORMER",
    "well_index": 3,
    "train_metrics": {
      "mse": 0.00908999890089035,
      "mae": 0.05945173278450966,
      "rmse": 0.09534148572835621,
      "mape": 0.7686399389058352
    },
    "test_metrics": {
      "mse": 0.01638474129140377,
      "mae": 0.09129531681537628,
      "rmse": 0.1280028956367932,
      "mape": 1.2503434903919697
    },
    "data_info": {
      "total_length": 631,
      "valid_count": 631,
      "train_size": 422,
      "test_size": 182,
      "window_size": 24,
      "pred_len": 4
    },
    "training_info": {
      "epochs": 100,
      "batch_size": 16,
      "learning_rate": 0.001,
      "alpha": 0.5,
      "best_rmse": 0.16865463829578056
    },
    "model_path": "results/multi_wells_transformer/transformer_井2.pt"
  },
  "井3": {
    "success": true,
    "error_msg": null,
    "model_type": "TRANSFORMER",
    "well_index": 4,
    "train_metrics": {
      "mse": 0.03472387045621872,
      "mae": 0.15176323056221008,
      "rmse": 0.18634342074840937,
      "mape": 1.5532911755144596
    },
    "test_metrics": {
      "mse": 0.04062143713235855,
      "mae": 0.16321387887001038,
      "rmse": 0.20154760512682493,
      "mape": 1.8387725576758385
    },
    "data_info": {
      "total_length": 631,
      "valid_count": 631,
      "train_size": 422,
      "test_size": 182,
      "window_size": 24,
      "pred_len": 4
    },
    "training_info": {
      "epochs": 100,
      "batch_size": 16,
      "learning_rate": 0.001,
      "alpha": 0.5,
      "best_rmse": 0.21774553539306568
    },
    "model_path": "results/multi_wells_transformer/transformer_井3.pt"
  }
}