{
  "井1": {
    "success": true,
    "error_msg": null,
    "best_order": [
      3,
      1,
      4
    ],
    "best_aic": -1405.9005390741615,
    "diff_order": 1,
    "model_path": "results/multi_wells_arima/arima_model_井1.pkl",
    "train_metrics": {
      "rmse": 0.6387922868752035,
      "mae": 0.05022034816899612,
      "mape": 0.35232204853200527
    },
    "test_metrics": {
      "rmse": 0.46200103027125017,
      "mae": 0.2804980147581416,
      "mape": 1.8348747102066256
    }
  },
  "井2": {
    "success": true,
    "error_msg": null,
    "best_order": [
      1,
      1,
      1
    ],
    "best_aic": -1974.002783768271,
    "diff_order": 1,
    "model_path": "results/multi_wells_arima/arima_model_井2.pkl",
    "train_metrics": {
      "rmse": 0.3362211194722641,
      "mae": 0.030067637374534526,
      "mape": 0.3976294954805612
    },
    "test_metrics": {
      "rmse": 0.9150549278565917,
      "mae": 0.7586554455847129,
      "mape": 9.789980065802848
    }
  }
}